trigram,percentage
MYG,2.2723692501575297
NQS,1.9494328922495272
YSQ,1.8667296786389416
RYL,1.8431001890359167
SHT,1.7052614996849402
AAS,1.6855702583490864
TLR,1.6461877756773786
VAE,1.6343730308758666
LRG,1.6028670447385003
RNT,1.5871140516698172
LQR,1.3626339004410837
AQI,1.327189666036547
RPG,1.2208569628229364
QIC,1.2011657214870826
TAA,1.177536231884058
DRE,1.177536231884058
GGS,1.146030245746692
GYY,1.1342155009451798
KTN,1.0987712665406428
HDQ,1.0987712665406428
TQT,1.079080025204789
NLR,1.0751417769376181
DGK,1.0672652804032767
SLR,0.9727473219911784
AYL,0.9333648393194708
RFD,0.9333648393194708
DLG,0.9176118462507876
SDA,0.9176118462507876
EDL,0.9057971014492754
WLR,0.9057971014492754
KWE,0.8979206049149339
RET,0.8742911153119093
ASP,0.8545998739760554
YWD,0.8506616257088847
GED,0.8388468809073725
QTQ,0.8388468809073725
DTE,0.8388468809073725
LVE,0.8388468809073725
TRP,0.8388468809073725
GYV,0.8349086326402017
DDT,0.8349086326402017
DYI,0.82703213610586
GPE,0.8191556395715185
DMA,0.8191556395715185
ALN,0.8112791430371771
RGE,0.7679584120982986
EQE,0.7600819155639571
EIT,0.7522054190296157
LTW,0.7522054190296157
CWA,0.7482671707624449
ENG,0.7403906742281033
YPA,0.7364524259609326
QRD,0.7364524259609326
LGF,0.7325141776937618
AGD,0.7325141776937618
PRA,0.7128229363579079
IVG,0.7128229363579079
TKR,0.6891934467548835
CVE,0.6695022054190296
KET,0.6616257088846881
DAY,0.6576874606175174
PKT,0.6537492123503466
HVT,0.6537492123503466
HHP,0.6537492123503466
CDV,0.6419344675488343
ITV,0.6419344675488343
LFV,0.6419344675488343
IQR,0.630119722747322
PRF,0.6104284814114682
HEA,0.6064902331442974
PWI,0.5946754883427852
EAG,0.5907372400756143
AQT,0.5710459987397606
AAR,0.5513547574039068
GPD,0.5434782608695652
VLA,0.5277252678008821
RYY,0.5198487712665406
TQR,0.5198487712665406
KAK,0.5001575299306869
QLR,0.5001575299306869
REE,0.49621928166351603
DTA,0.49621928166351603
GRF,0.49228103339634527
YRQ,0.49228103339634527
SSW,0.4765280403276622
EGE,0.4765280403276622
ADP,0.4765280403276622
ISD,0.4765280403276622
MRY,0.4725897920604915
DLR,0.46865154379332075
TLL,0.46865154379332075
DRV,0.42926906112161306
RSW,0.42926906112161306
KSS,0.42926906112161306
IQI,0.3898865784499055
SQT,0.3898865784499055
RME,0.3898865784499055
AVM,0.3898865784499055
RNV,0.38201008191556396
FHT,0.37019533711405167
EDG,0.36231884057971014
IIA,0.36231884057971014
IVA,0.3583805923125394
GLA,0.3583805923125394
GSD,0.3544423440453686
QWR,0.34262759924385633
VVA,0.33868935097668557
AAE,0.3229363579080025
LER,0.3229363579080025
TIP,0.30718336483931946
QQR,0.29930686830497794
KAQ,0.29143037177063646
SQP,0.28749212350346565
CRR,0.28355387523629494
GGK,0.28355387523629494
YRE,0.26386263390044107
EAE,0.2599243856332703
AAH,0.24417139256458728
QIF,0.2402331442974165
EGT,0.23235664776307502
YQQ,0.22448015122873347
QIY,0.21266540642722118
AVH,0.21266540642722118
QRR,0.21266540642722118
VYL,0.21266540642722118
GTF,0.2008506616257089
QFV,0.1969124133585381
QDR,0.1969124133585381
LRW,0.1969124133585381
EPS,0.1969124133585381
PWV,0.19297416509136736
QKY,0.19297416509136736
KRQ,0.19297416509136736
KDK,0.19297416509136736
AVV,0.19297416509136736
KAH,0.18115942028985507
SQS,0.18115942028985507
TVP,0.18115942028985507
VVV,0.18115942028985507
IGA,0.18115942028985507
VLG,0.1772211720226843
MCR,0.1772211720226843
RKS,0.1772211720226843
SGG,0.1772211720226843
KGG,0.1772211720226843
SCS,0.1772211720226843
QAA,0.1772211720226843
SAQ,0.1772211720226843
RHL,0.16934467548834278
VSD,0.16934467548834278
SSN,0.16934467548834278
QIS,0.1575299306868305
AEH,0.1575299306868305
ASQ,0.15359168241965973
LQM,0.15359168241965973
KLR,0.15359168241965973
RTE,0.14965343415248897
GRL,0.14965343415248897
YDQ,0.14965343415248897
CDL,0.14177693761814747
SAY,0.12996219281663515
ISV,0.1260239445494644
AQA,0.1260239445494644
LQW,0.12208569628229364
RKK,0.11420919974795211
TVM,0.10239445494643981
SHI,0.08664146187775677
IQV,0.08664146187775677
LQN,0.08664146187775677
IAV,0.06695022054190297
YEQ,0.06695022054190297
HAY,0.06695022054190297
IAL,0.06695022054190297
FFG,0.06695022054190297
AVS,0.0630119722747322
TSP,0.05907372400756144
PLT,0.055135475740390676
EET,0.055135475740390676
NRA,0.055135475740390676
SGK,0.055135475740390676
EKR,0.055135475740390676
AGA,0.055135475740390676
WRK,0.055135475740390676
VRK,0.055135475740390676
QFD,0.051197227473219906
AAV,0.051197227473219906
SGE,0.051197227473219906
EQR,0.051197227473219906
YTC,0.051197227473219906
HVQ,0.051197227473219906
QKW,0.03938248267170762
VVP,0.03938248267170762
FYT,0.027567737870195338
HWD,0.027567737870195338
RAE,0.023629489603024575
MFG,0.01969124133585381
GET,0.01969124133585381
RKV,0.01969124133585381
LSF,0.01969124133585381
RNM,0.01969124133585381
SHS,0.01575299306868305
QWD,0.01575299306868305
HEG,0.01575299306868305
LPE,0.01575299306868305
EAS,0.011814744801512287
HTL,0.011814744801512287
QSM,0.011814744801512287
YGC,0.011814744801512287
DVG,0.011814744801512287
PDG,0.011814744801512287
RLL,0.011814744801512287
RGH,0.011814744801512287
NQY,0.011814744801512287
AYD,0.011814744801512287
GKD,0.011814744801512287
YIA,0.011814744801512287
LNE,0.011814744801512287
SWT,0.011814744801512287
AAD,0.011814744801512287
QIT,0.011814744801512287
QRK,0.011814744801512287
WEA,0.011814744801512287
ARV,0.011814744801512287
AEQ,0.011814744801512287
LRA,0.011814744801512287
YLE,0.011814744801512287
GEC,0.011814744801512287
VEW,0.011814744801512287
LRR,0.011814744801512287
PHF,0.011814744801512287
EAR,0.011814744801512287
KNG,0.011814744801512287
YPG,0.011814744801512287
RTF,0.011814744801512287
MVP,0.011814744801512287
ALK,0.007876496534341524
TKH,0.007876496534341524
WQR,0.007876496534341524
NAY,0.007876496534341524
MSG,0.007876496534341524
KLE,0.007876496534341524
AEP,0.007876496534341524
LSD,0.007876496534341524
IMG,0.007876496534341524
VLV,0.007876496534341524
TAM,0.007876496534341524
CSN,0.007876496534341524
RKE,0.003938248267170762
CYL,0.003938248267170762
YPT,0.003938248267170762
DRK,0.003938248267170762
ASR,0.003938248267170762
